ID,N_total,N_shell/N_total,R_min,R_max,R_avg,R_std,R_skew,R_kurt,CN_min,CN_max,CN_avg,CN_std,CN_skew,CN_kurt,SCN_min,SCN_max,SCN_avg,SCN_std,SCN_skew,SCN_kurt,ABL_min,ABL_max,ABL_avg,ABL_std,ABL_skew,ABL_kurt,BL_min,BL_max,BL_avg,BL_std,BL_skew,BL_kurt,SBL_min,SBL_max,SBL_avg,SBL_std,SBL_skew,SBL_kurt,ABA_min,ABA_max,ABA_avg,ABA_std,ABA_skew,ABA_kurt,BA_min,BA_max,BA_avg,BA_std,BA_skew,BA_kurt,SBA_min,SBA_max,SBA_avg,SBA_std,SBA_skew,SBA_kurt,Classical_E,Classical_E/N,Mermin_E,Delta_E,Delta_E/N,Fermi_L
62,781,0.485275288,8.131226256,23.82375083,13.73876222,2.246257712,1.429380926,4.411536591,4,12,8.61971831,1.725397144,-0.163076621,-0.686721282,4,11,7.319261214,1.241233165,0.017845731,-0.138729442,2.558168845,2.958034595,2.816781331,0.05577618,-0.621392174,1.126657935,2.308324284,3.09756259,2.824439959,0.142405657,-0.152792875,-0.503788882,2.308324284,3.097051178,2.801028799,0.146168166,-0.087663493,-0.431288275,73.90275532,103.8557845,94.58800389,5.010583512,-1.558371549,1.994703296,44.72994196,179.7544528,95.79532433,33.51789262,0.434423981,-0.882019511,44.72994196,179.7544528,92.66074346,33.35558539,0.556999813,-0.761319959,-2829.3251,-3.622695391,-2583.7433,245.5818,0.314445327,-3.7906
71,643,0.503888025,8.283064031,16.99470092,12.61376944,1.7035846,-0.194049051,-0.191374842,2,12,8.267496112,1.717597516,-0.357539777,-0.164447985,2,11,7.064814815,1.362522348,-0.337948433,0.446966235,2.403063773,2.945857099,2.803516732,0.063865737,-1.264548775,4.110117568,2.352809385,3.08675979,2.8126571,0.141206391,-0.177467487,-0.458486972,2.352809385,3.085019449,2.788103887,0.147332007,-0.092335326,-0.506380425,70.83441582,101.8767202,94.67670632,5.189789333,-1.690514985,3.049384431,47.87015096,179.7847379,95.97954545,33.4644465,0.447374356,-0.851870653,47.87015096,179.7847379,92.94763832,33.23039447,0.559231732,-0.746500775,-2316.924,-3.603303266,-2118.4331,198.4909,0.308695023,-3.8128
72,701,0.495007133,7.858648781,22.04016973,13.18966646,2.043330517,0.94804398,2.865703694,3,12,8.482168331,1.81148207,-0.175380471,-0.65474578,3,11,7.126801153,1.290719149,-0.091503111,-0.108394588,2.547399121,2.956131636,2.810668032,0.059034329,-0.816580161,1.429654393,2.304883945,3.096702278,2.819377947,0.139871831,-0.106493061,-0.505767322,2.304883945,3.096702278,2.79838581,0.144934729,-0.036505759,-0.526362393,66.85383596,101.4034025,94.25309598,5.412093995,-1.740201218,3.025571765,46.79235363,179.7811799,95.68240358,33.46883756,0.452070965,-0.848421486,46.79235363,178.6285732,92.1963475,33.0140945,0.57679416,-0.744118401,-2526.7627,-3.604511698,-2314.7208,212.0419,0.302484879,-3.8301
73,1073,0.4305685,12.08673622,20.5230553,15.22308483,1.695917776,0.764047751,0.106757508,3,12,8.754892824,1.748276553,-0.246941103,-0.637070807,3,11,7.303030303,1.245883249,-0.075659543,-0.176366028,2.501293616,2.938810676,2.818252263,0.055451103,-0.910096379,1.658920656,2.328039089,3.074119223,2.826097758,0.130737232,-0.213216753,-0.481198658,2.328039089,3.073800742,2.796725043,0.137614016,-0.074199441,-0.57455042,75.94512785,106.7580053,95.31813433,4.489747108,-1.718232188,2.761091306,47.82639114,179.7987195,96.35070275,33.84953598,0.478414757,-0.753627609,47.82639114,179.7987195,93.12358723,33.49591812,0.578304961,-0.694692595,-3929.6183,-3.662272414,-3585.6016,344.0167,0.320612022,-3.7638
81,572,0.576923077,4.026953654,18.81149559,12.35591312,2.75846094,-0.505438483,0.521974491,3,12,8.793706294,1.955573714,-0.297558557,-0.607356137,3,12,7.487878788,1.416845586,-0.325345531,0.366834409,2.528081079,3.018228741,2.821602502,0.067211849,-0.429633069,0.990124231,2.126972731,3.204848358,2.832593423,0.170503749,-0.005998787,-0.309079824,2.126972731,3.203867975,2.810551291,0.174371827,0.021373694,-0.256295343,58.94083366,100.9361776,93.40291818,5.576822041,-1.901395724,4.842749277,42.8309545,179.9116781,95.0828145,33.57823294,0.436224483,-0.888356916,42.84204453,179.9116781,92.16383853,33.28963979,0.558427754,-0.761695409,-2032.7476,-3.553754545,-1851.7862,180.9614,0.316366084,-3.8257
82,576,0.555555556,4.601559677,18.49892194,12.1768718,2.443141399,-0.424130494,0.479950929,3,12,8.204861111,1.651258487,-0.036538622,-0.525098342,3,11,7.190625,1.238580281,0.00152657,0.26724869,2.553429357,2.930979138,2.796739803,0.057910851,-0.497705377,0.316053269,2.305353118,3.080510997,2.804818061,0.140329955,-0.166086823,-0.539711162,2.305353118,3.080510997,2.785536087,0.14483667,-0.065667041,-0.59457193,74.15004774,102.7654692,94.28249144,5.307622697,-1.328650666,1.187358535,46.17578646,179.7117087,95.51957679,33.41508697,0.446967216,-0.874552552,46.17578646,179.3708801,92.7175207,33.32648857,0.56457408,-0.744897898,-2066.7171,-3.588050521,-1898.2151,168.502,0.292538194,-3.7448
83,791,0.450063211,10.50418052,16.27356737,13.51693443,1.05613028,0.16967164,-0.181363055,5,12,8.983565107,1.698393264,-0.35747236,-0.592603498,5,10,7.575842697,1.241253623,-0.226936784,-0.629454483,2.59429895,2.963621514,2.826351726,0.052168968,-0.593104182,0.595930386,2.357927268,3.10005387,2.833271155,0.137408792,-0.109268436,-0.584654362,2.357927268,3.096739576,2.808318839,0.141386286,-0.018346714,-0.565094188,76.12645713,102.2088378,95.06529206,4.340192526,-1.716386448,2.568730892,47.67973632,179.8193245,96.10332048,33.80427098,0.467853564,-0.781325427,47.67973632,179.6695855,92.96862873,33.72262385,0.591152615,-0.659252449,-2890.7774,-3.654585841,-2641.6977,249.0797,0.314892162,-3.7376
91,361,0.736842105,1.364054078,19.87846521,11.75774698,3.781686111,-0.233299376,-0.474912676,3,12,7.900277008,1.860712209,0.378776677,-0.66569407,3,11,7.056390977,1.247116123,0.220699444,0.187523512,2.582812184,2.938881623,2.788817751,0.058346804,-0.386239734,0.137345052,2.324099395,3.122674174,2.797877969,0.147417842,-0.054421112,-0.436505155,2.324099395,3.122674174,2.786381951,0.14815736,-0.018359441,-0.410302614,69.00359357,101.4248119,91.80917201,5.936169876,-0.844502039,0.14734902,44.86074702,179.7296565,93.78051516,33.2837277,0.492425154,-0.834972978,44.86074702,179.7296565,91.22249551,32.74023586,0.590796399,-0.727546986,-1252.6011,-3.469809141,-1165.5951,87.006,0.24101385,-3.8812
92,364,0.667582418,0.519119623,19.51062355,11.28828577,3.608657618,-0.212128466,-0.231532859,4,12,8.005494505,1.767466172,0.20149954,-0.888083726,4,11,7.098765432,1.252484522,0.318825623,-0.147114432,2.62856482,2.936775987,2.791906935,0.058803589,-0.304894564,-0.350033555,2.371572474,3.093332992,2.800807852,0.148080138,-0.031756542,-0.662636776,2.371572474,3.093332992,2.789694898,0.150572311,0.000784501,-0.675336953,76.62249275,102.2818405,92.66902979,5.53023119,-0.84096179,-0.14436807,49.0077315,179.7788672,94.30412555,33.2228378,0.472216484,-0.86522849,49.0077315,179.7788672,91.40119151,32.70011011,0.585055495,-0.73953555,-1279.939,-3.516315934,-1185.9228,94.0162,0.258286264,-3.8222
93,721,0.463245492,9.585591601,18.11939482,13.08981816,1.260456876,0.531522769,1.273961494,4,12,8.629680999,1.740898884,-0.198127908,-0.671527718,4,11,7.233532934,1.234859576,0.019154834,-0.078148379,2.452794544,2.967519695,2.811979181,0.052833287,-1.251137752,4.435121186,2.233523002,3.064335491,2.819227393,0.128935171,-0.247776547,-0.269424139,2.233523002,3.061851891,2.793512905,0.134766139,-0.186662101,-0.279157224,77.31279726,102.3752638,95.18972884,4.36385776,-1.482955575,1.702127147,45.78156582,179.566536,96.25350499,33.87869103,0.503337093,-0.698331783,45.78156582,179.1591574,93.0776437,33.60833322,0.610900348,-0.603636987,-2627.6767,-3.644489182,-2399.1362,228.5405,0.316977115,-3.7618
94,865,0.438150289,9.987609783,18.70129548,14.02887519,1.559413309,0.292009679,-0.137184702,4,12,9.498265896,2.12465885,-0.518490049,-0.905486736,4,11,7.477572559,1.433314292,0.074783348,-0.401998063,2.565358584,2.947545822,2.830561376,0.057770649,-1.004850217,1.093277896,2.356842379,3.085823391,2.840746079,0.126023798,-0.290486925,-0.214737784,2.356842379,3.085443566,2.802857817,0.137055543,-0.074630566,-0.453488087,73.80857054,99.87102335,94.93491203,4.421376941,-1.738267557,2.484698091,47.03701849,179.8816507,96.35773923,34.49334229,0.55062252,-0.551032712,47.03701849,179.5902676,92.82576666,33.584757,0.63722809,-0.511802684,-3174.8315,-3.670325434,-2897.426,277.4055,0.3207,-3.7999
171,395,0.6,7.28837976,21.78374425,11.19402363,2.992244318,1.522043684,2.156424944,2,12,8.501265823,1.918881183,-0.224215554,-0.594756489,2,11,7.35021097,1.467057024,-0.151736871,0.091813713,2.557507982,2.990016079,2.806241325,0.067355572,-0.723988207,0.847273205,2.269767389,3.146551287,2.817309378,0.156815361,-0.022303271,-0.501651046,2.269767389,3.146551287,2.794648125,0.159792825,0.075211791,-0.484854901,64.47037464,99.47746068,93.19808905,5.889186218,-1.499730968,1.88908679,44.41475354,179.7540625,95.05005358,33.51836147,0.455362513,-0.853903316,45.01950622,179.1225494,92.15571789,33.24472152,0.57351492,-0.719951341,-1401.3113,-3.547623544,-1288.2647,113.0466,0.286193924,-3.8767
172,400,0.565,7.029116297,18.12233981,10.90504959,2.21470568,0.886342596,0.419250949,4,12,8.275,1.655665446,-0.1242177,-0.629819664,4,10,7.247787611,1.243871901,-0.116234795,-0.593096188,2.631348033,2.930058265,2.802899252,0.056836634,-0.561932295,0.120870168,2.296255648,3.099980806,2.810642613,0.146959251,-0.138323896,-0.58803516,2.296255648,3.099980806,2.796094081,0.151414053,-0.090363561,-0.630421092,74.67369209,102.3738931,94.12574173,5.319697023,-1.424672707,1.468020493,45.92363541,179.4243832,95.45741405,33.57648272,0.463275846,-0.842031266,45.92363541,179.4243832,92.66233997,33.55430576,0.59708039,-0.6537258,-1427.9532,-3.569883,-1311.7855,116.1677,0.29041925,-3.7796
182,597,0.566164154,3.424807684,20.95426545,12.74827047,2.985288717,-0.118778792,0.22642812,4,12,7.654941374,1.709094271,0.258563613,-0.463553354,4,10,6.627218935,1.156878007,0.091965995,-0.177311771,2.567864131,2.910725718,2.781585811,0.058774608,-0.579798726,0.248729265,2.366298798,3.042668894,2.790201871,0.135158305,-0.164934273,-0.551989609,2.366298798,3.042668894,2.769203839,0.1381188,-0.084887149,-0.574245233,73.9191023,104.7666611,94.03848403,5.741347541,-1.152485028,0.641260866,47.48692078,179.499607,95.41801239,33.32982037,0.460067334,-0.863066247,47.48692078,179.499607,92.10313585,32.82857881,0.588506914,-0.73201261,-2126.506,-3.5619866,-1958.3168,168.1892,0.281723953,-3.7959
183,925,0.455135135,9.808556212,21.24980244,14.56230441,2.105164135,1.020536417,1.063101684,1,12,8.836756757,1.822879563,-0.381728737,-0.302716805,1,11,7.332541568,1.312435196,-0.420951666,1.314685896,1.904505448,2.949648391,2.822331193,0.066086995,-3.86525425,43.60294899,1.904505448,3.101327135,2.831714922,0.139225577,-0.230644585,-0.104558315,1.904505448,3.100257731,2.803446389,0.145730234,-0.176524126,0.029418852,72.62570361,105.6340406,95.03278648,4.607842024,-1.645390313,2.635359767,48.10885781,179.8620367,96.13491848,33.74729015,0.464916215,-0.786248265,48.34942175,178.9674787,92.88144021,33.41489585,0.574844828,-0.710209435,-3368.9364,-3.642093405,-3048.5119,320.4245,0.346404865,-3.7804
191,363,0.597796143,3.845090747,16.72471939,10.66084259,2.630950235,-0.011657129,-0.461435048,4,12,8.490358127,1.92161035,-0.108069293,-0.833907225,4,11,7.294930876,1.379620895,-0.041221713,-0.3022409,2.561969719,2.966057192,2.807510707,0.063551421,-0.665479375,0.959922327,2.307190066,3.128899327,2.817717651,0.150645479,-0.072084273,-0.469269076,2.307190066,3.123551985,2.7990184,0.153354747,-0.042959015,-0.472068651,70.18432514,100.5123158,93.40345971,5.412044386,-1.31196623,1.424909039,46.19000059,179.5246203,95.07861673,33.62654576,0.476898314,-0.81230349,46.19000059,179.5246203,92.04062223,33.27780288,0.590710602,-0.694805735,-1291.303,-3.55730854,-1187.0704,104.2326,0.287142149,-3.8213
194,964,0.459543568,8.512107931,20.70376942,14.69430803,2.416438493,0.078935989,-0.390464377,4,12,8.802904564,1.890170197,-0.160044799,-0.906219059,4,11,7.205417607,1.246086178,0.189903359,-0.312790576,2.520778016,2.932420105,2.818004746,0.053129172,-0.836155885,1.047226183,2.381688687,3.037936635,2.826566929,0.119341054,-0.461441192,-0.161386417,2.381688687,3.037115408,2.795140129,0.128330648,-0.28445608,-0.413468092,72.48472935,102.3542224,94.97484251,4.5919311,-1.516224612,1.703389941,48.41362614,179.8368934,96.23751716,33.91943277,0.508243499,-0.673416721,48.41362614,179.133042,92.99414743,33.25800541,0.602956257,-0.61801985,-3528.9089,-3.66069388,-3222.8634,306.0455,0.317474585,-3.8087
861,800,0.49875,7.927066846,19.97428181,13.69082627,1.954155642,-0.047359819,0.724845597,1,12,7.8725,1.772758328,-0.325919361,0.15978451,2,11,6.736842105,1.39576569,-0.46221375,0.783635823,2.307380402,2.955637419,2.791350796,0.06416206,-1.282672712,4.964225243,2.109012565,3.056601708,2.800308941,0.145719742,-0.386659506,-0.070039483,2.109012565,3.056601708,2.778351627,0.15315026,-0.35507449,-0.024145512,60.70217048,130.2816966,94.70979625,5.858696592,-1.348498224,5.448261829,42.69036459,179.6326163,95.94474805,33.32307964,0.440113474,-0.868976342,42.69036459,178.896954,92.80613815,33.09960124,0.562418132,-0.741858334,-2864.9041,-3.581130125,-2586.2144,278.6897,0.348362125,-3.9178
862,812,0.474137931,8.945869035,18.30725579,13.70671459,1.662627269,-0.356915578,0.205625973,1,12,8.738916256,1.789354135,-0.480615146,0.124343417,1,11,7.407792208,1.4388369,-0.484668901,1.312004707,1.900597011,2.978150497,2.8212429,0.072272661,-3.51919584,35.63647109,1.900597011,3.134392126,2.831343269,0.15368501,-0.215333709,-0.118538203,1.900597011,3.132890199,2.806529992,0.159822688,-0.216307413,0.059672249,68.78248398,101.9887742,94.56368179,4.693360253,-1.659285079,2.825552598,46.6997072,179.4947357,95.72324726,33.52345264,0.423901017,-0.902969923,46.85663903,179.4947357,92.56571643,33.26289875,0.538145009,-0.807993998,-2934.9075,-3.614418103,-2639.3184,295.5891,0.364025985,-3.8044
872,631,0.497622821,8.868893117,18.13177955,12.53623395,1.488284061,0.512660046,1.000009474,4,12,7.784469097,1.614757241,-0.051135809,-0.437124612,4,10,6.770700637,1.270820778,-0.003879946,-0.361158938,2.5349891,2.913470963,2.790464209,0.056076156,-0.975434748,2.333831059,2.28883573,3.035147608,2.797753195,0.134846052,-0.351487997,-0.362365434,2.28883573,3.034752543,2.780342597,0.142283095,-0.29580634,-0.427014387,67.54636245,106.1508901,94.72799681,5.570211846,-1.621670567,2.816279079,47.04075249,179.7124497,95.89699515,33.34632887,0.447074422,-0.877610319,47.04075249,177.8475063,92.75335488,33.17498236,0.565224294,-0.765374625,-2273.7959,-3.603480032,-2070.808,202.9879,0.321692393,-3.8213
881,504,0.619047619,1.4427892,17.3812194,12.16297321,3.5024296,-0.771003321,-0.056284928,3,12,8.226190476,1.909594008,0.040444964,-0.75955781,3,10,7.076923077,1.303166865,-0.046602339,0.012206961,2.425819092,2.96200305,2.798862479,0.068930797,-0.916330781,2.514818545,2.30656216,3.132774808,2.810578799,0.159684926,-0.044545152,-0.53033226,2.30656216,3.132774808,2.786423702,0.161359394,0.00860077,-0.513853816,71.77824704,102.2907102,93.32993716,5.40239442,-1.268299069,1.159424924,46.9224483,179.5254958,94.97902537,33.46925215,0.45982038,-0.861311281,46.9224483,179.5254958,92.02206831,33.03256365,0.580466201,-0.736386318,-1779.6654,-3.531082143,-1634.8492,144.8162,0.28733373,-3.7702
882,506,0.559288538,4.60089298,16.75735464,12.04364078,2.811898236,-0.505134131,-0.613468856,5,12,8.632411067,1.802983478,-0.006268051,-1.034051906,5,10,7.378091873,1.188813357,0.214914016,-0.609583745,2.604523301,2.968513206,2.817114172,0.059380072,-0.531636691,0.326807343,2.357335996,3.156552075,2.82531393,0.157149977,0.037793237,-0.615039238,2.357335996,3.156172682,2.809321324,0.160563424,0.112107255,-0.619857414,75.01217077,100.1456355,93.46705571,5.253369416,-1.247111347,0.810153897,46.67047627,179.0008725,94.9542423,33.45248225,0.445121316,-0.889396533,46.67047627,178.3986621,91.54623412,33.03399695,0.587530699,-0.723888613,-1804.0565,-3.565329051,-1660.2756,143.7809,0.284151976,-3.801
892,426,0.584507042,5.139733647,16.84947349,11.19752726,2.485112093,-0.220177809,-0.425655043,5,12,8.356807512,1.694118031,0.123538991,-0.788599404,5,11,7.329317269,1.199791622,0.286371423,-0.281285862,2.619823206,2.940433005,2.809577449,0.054683254,-0.295462149,0.073700766,2.412202728,3.108136097,2.816720538,0.145281395,-0.020025994,-0.652255036,2.412202728,3.107185382,2.798009026,0.14608152,0.08167058,-0.587173631,76.32930761,102.0876662,93.69499538,5.466216078,-1.308522741,1.002740143,46.43338062,179.6230081,95.14024957,33.56383746,0.460197611,-0.858499906,48.56828831,178.8473927,92.25744308,33.30590202,0.578639973,-0.737160772,-1519.0193,-3.565773005,-1404.458,114.5613,0.268923239,-3.7959
962,660,0.489393939,8.384243582,18.50589869,12.850884,1.852901386,0.459507986,0.225862864,3,12,7.684848485,1.568104161,-0.120231658,-0.422943565,3,10,6.690402477,1.224795898,-0.053784071,-0.09031619,2.485628279,2.916653741,2.785790925,0.057432107,-0.700516033,1.043366758,2.375487108,3.035953557,2.793099176,0.133167805,-0.286469077,-0.484038347,2.375487108,3.03566566,2.768913719,0.136427537,-0.24318289,-0.50510227,67.04777264,109.6117863,95.37803027,5.159978566,-1.614054244,3.062303524,48.90038728,179.2162204,96.27689183,33.28460512,0.441655179,-0.877818629,49.33591527,179.0054873,93.45482062,33.15335616,0.546416949,-0.791278863,-2379.8512,-3.605835152,-2171.044,208.8072,0.316374545,-3.7887
972,651,0.499231951,8.114157581,17.37875464,12.81997363,1.969961743,0.017493401,-0.52380233,4,12,8.894009217,1.821954418,-0.310102451,-0.806462399,4,11,7.486153846,1.334707269,0.060909945,-0.41065462,2.585128814,2.993055906,2.823586339,0.062265165,-0.592373907,0.556554283,2.298419457,3.168013258,2.83257611,0.165775236,-0.043985694,-0.573586782,2.298419457,3.168013258,2.808026565,0.171268539,0.014341815,-0.583461094,71.59363783,100.3928023,94.19517938,5.027855353,-1.567757042,2.006048426,45.49689917,179.588195,95.56633999,33.6506561,0.437574352,-0.865282889,45.49689917,179.179466,92.29637656,33.3815474,0.566375234,-0.735879723,-2341.3358,-3.596521966,-2129.2552,212.0806,0.325776651,-3.7771
973,1109,0.430117223,10.296009,21.57598909,15.45362638,1.920846397,0.661779969,0.431383628,4,12,9.213706041,1.881496368,-0.430622617,-0.75478443,4,11,7.513626834,1.338788981,0.010294541,-0.426398067,2.592173074,2.973271068,2.831414374,0.058992238,-0.781171651,0.739794537,2.227452581,3.13178703,2.840196882,0.144113699,-0.158805827,-0.426273946,2.227452581,3.130121563,2.807977218,0.151413665,-0.036679252,-0.452393396,70.80626445,101.1716688,95.05005499,4.441190832,-1.97437277,4.216831799,46.78255142,179.6262811,96.23263771,33.97832352,0.480705188,-0.729276253,47.87319883,179.2356951,92.97357469,33.50835045,0.574697252,-0.685037069,-4052.9994,-3.654643282,-3688.8591,364.1403,0.328350135,-3.7841
981,578,0.541522491,5.915907964,17.93238785,12.28737195,2.314805167,-0.453122934,-0.492871348,1,12,8.560553633,2.059084206,-0.31786365,-0.498061722,1,11,7.115015974,1.516849198,-0.288988608,0.560203116,2.392094062,2.963458169,2.810392301,0.074890233,-1.05196979,2.745714709,2.099864043,3.159062203,2.823413213,0.166745294,-0.094405315,-0.454126763,2.099864043,3.158960905,2.800122247,0.172342388,-0.053140136,-0.419373021,69.92857354,106.5765816,93.64840177,5.615087414,-1.500148555,1.949635278,46.63113177,179.3636179,95.35588051,33.37980193,0.427301756,-0.897748822,46.63113177,179.3636179,91.98078037,32.87330424,0.560801051,-0.754099837,-2054.5371,-3.554562457,-1864.5507,189.9864,0.328696194,-3.8752
982,587,0.524701874,7.194052796,17.30527754,12.27057243,2.026750177,-0.374946227,-0.593208268,4,12,8.63713799,1.83151702,-0.07203165,-0.794840135,4,10,7.324675325,1.257592534,0.00088148,-0.378102954,2.546013977,2.978490644,2.81820301,0.061451694,-0.521449911,0.63823458,2.281224671,3.14060647,2.826852685,0.159460633,-0.108522453,-0.531512815,2.281224671,3.14060647,2.805124912,0.162721527,-0.068981161,-0.46801881,74.29276054,101.2230151,93.99536929,4.988579622,-1.421216481,1.580467997,45.799905,179.4542126,95.36681524,33.51059466,0.4412677,-0.865470557,45.799905,178.9907746,92.16888969,33.08488511,0.559488918,-0.76113668,-2105.8441,-3.587468654,-1919.8496,185.9945,0.316856048,-3.7812
991,340,0.670588235,1.418841783,20.62469652,11.45299948,3.929259204,-0.063480125,-0.294542213,3,12,8.229411765,1.911080778,0.046467848,-0.701400433,3,11,7.214912281,1.35449862,-0.084879975,-0.028948714,2.414036706,2.963193741,2.798924872,0.068326058,-0.913125189,3.015542475,2.177369514,3.132534756,2.810299369,0.160646206,-0.139515303,-0.328129157,2.177369514,3.132227482,2.794345301,0.164743724,-0.079024259,-0.318465417,66.85465825,105.0173819,92.92703006,5.768567986,-1.223825041,1.554369884,44.00453453,179.559339,94.66688351,33.51844969,0.487501338,-0.797479069,44.70047265,178.9792114,91.94531464,33.11045422,0.58356439,-0.709891292,-1192.3096,-3.506792941,-1092.247,100.0626,0.294301765,-3.8073
993,805,0.454658385,10.27445215,21.65023582,13.76637781,1.643082954,1.367706915,3.304548186,4,12,9.132919255,1.803388753,-0.323722723,-0.720226986,4,11,7.595628415,1.238816277,-0.202415799,-0.338425812,2.553346198,2.972696881,2.831537831,0.057774727,-0.817607809,1.402237084,2.284577423,3.162828797,2.839431067,0.156828297,-0.061049732,-0.469014551,2.284577423,3.162625017,2.809547723,0.163295629,0.026229986,-0.473333179,66.77916446,100.2216681,94.89508205,4.331616835,-1.92060183,4.593793088,45.00852387,179.9274436,95.96779387,33.88373025,0.45981661,-0.793477467,45.00852387,179.4303026,92.75699594,33.69388249,0.581022377,-0.684966892,-2924.9892,-3.633526957,-2660.9717,264.0175,0.32797205,-3.7442
994,972,0.430041152,11.7178522,18.71007511,14.62144696,1.364550364,0.405255915,-0.186693645,3,12,9.154320988,1.859883791,-0.419707736,-0.62148321,3,11,7.504784689,1.339754112,-0.153998623,-0.344608139,2.537268705,2.949956874,2.833175964,0.055360611,-1.025947665,2.007563716,2.273752405,3.114253683,2.841323037,0.13821752,-0.212704262,-0.412917131,2.273752405,3.11401429,2.810480064,0.147468511,-0.065868122,-0.497208107,73.12771727,100.5765436,95.18916466,4.539332984,-1.918819895,3.354283509,47.56273855,179.8317493,96.39105369,34.1942736,0.521511528,-0.632498198,47.82588814,179.5435992,93.12965382,33.74615989,0.605897483,-0.606446376,-3561.5836,-3.664180658,-3241.3723,320.2113,0.329435494,-3.8076
1072,589,0.577249576,3.689086591,21.25206578,12.91736442,3.265586681,-0.119977319,0.01767183,2,12,7.191850594,1.598958464,0.142232979,-0.164932036,2,10,6.376470588,1.252503999,0.001840405,0.259163103,2.58053242,2.913775352,2.771833695,0.056053541,-0.456805622,0.036226675,2.268188925,3.013243767,2.778762289,0.136962976,-0.402819341,-0.333617806,2.268188925,3.013243767,2.764861678,0.140379174,-0.368759282,-0.321688214,73.25397714,112.250605,94.60397885,5.901887986,-1.236525597,1.281115985,46.94903729,179.8478947,95.8033306,33.11188263,0.463116355,-0.848218604,46.94903729,179.8478947,93.19051127,32.88168871,0.560047312,-0.754901788,-2090.5599,-3.549337691,-1907.4282,183.1317,0.310919694,-3.8278
1073,1063,0.4289746,11.2307572,23.69306073,15.26175173,1.842022765,1.267700604,2.724715015,4,12,8.619002822,1.625681414,-0.182908418,-0.659750544,4,11,7.278508772,1.19304706,0.259181615,0.222476802,2.623976108,2.963008362,2.820833649,0.053762988,-0.394552474,0.099194341,2.354727373,3.106375541,2.82700643,0.150263475,-0.153301816,-0.674584063,2.354727373,3.105774944,2.804095205,0.156642885,-0.058294291,-0.737835453,70.8653086,103.3948927,95.39873876,4.261185096,-1.861304061,4.040550805,46.40216742,179.7689099,96.25319637,33.55588977,0.429447421,-0.87419874,46.91684672,179.4208167,93.23084117,33.56250667,0.550416306,-0.756984056,-3863.7179,-3.634729915,-3513.1299,350.588,0.329809972,-3.7824
1083,775,0.468387097,9.077934098,18.63389538,13.69298476,2.224346122,-0.018674321,-0.852109803,4,12,9.824516129,2.194700628,-0.581779665,-0.985341866,4,11,7.804407713,1.45760811,-0.124147952,-0.743463296,2.56873829,2.992237508,2.852067549,0.064051423,-0.960684743,0.925680904,2.328915842,3.225283398,2.863241783,0.156318317,-0.049010655,-0.311399135,2.328915842,3.221363376,2.826286826,0.164788266,0.074831523,-0.381560855,75.61884435,100.6686354,94.43779847,4.448893602,-1.615160689,2.12329985,45.21342204,179.6609128,95.97855338,34.46615465,0.527775648,-0.602033629,45.21342204,179.4892141,92.49601742,33.6364368,0.604072793,-0.590274444,-2819.9015,-3.638582581,-2572.4743,247.4272,0.319260903,-3.8231
1093,751,0.494007989,8.454995714,19.33909319,13.5015273,2.185102644,0.437270419,-0.173919378,4,12,8.729693742,1.772428778,-0.235674972,-0.712822359,4,10,7.382749326,1.262397543,-0.166628752,-0.5464342,2.601267508,2.976593034,2.823780677,0.059572997,-0.516142958,0.308256879,2.300014348,3.149400737,2.8318506,0.160349043,-0.112680418,-0.546102072,2.300014348,3.149400737,2.805019003,0.163754093,-0.054405106,-0.531714531,70.33196463,102.1478009,94.76032009,4.806732132,-1.766466916,2.917600534,45.20437635,179.740061,95.97576772,33.72102629,0.453724189,-0.81025996,45.20437635,179.2130781,93.08529498,33.56114221,0.559406864,-0.726141166,-2706.5359,-3.603909321,-2463.0378,243.4981,0.324231824,-3.8016
1094,967,0.423991727,11.296186,18.01437187,14.62530066,1.441010203,-0.019590862,-0.680571222,2,12,9.350568769,2.013967065,-0.486298147,-0.713793906,2,11,7.434146341,1.360211719,-0.164520044,0.019627627,2.573154692,2.96089757,2.836669401,0.060105934,-0.896919413,0.966764929,2.317746751,3.148471375,2.846264409,0.149622564,-0.150088896,-0.459320369,2.317746751,3.147565726,2.811043737,0.157249238,-0.0003167,-0.501364917,61.87305975,101.8696748,95.00856728,4.460812023,-2.017832729,5.183130542,46.55717543,179.8929738,96.29079778,34.27742881,0.520108611,-0.625719643,46.74336063,179.4271888,92.6274803,33.46943935,0.612494857,-0.593657171,-3532.0097,-3.65254364,-3210.5329,321.4768,0.33244757,-3.7982
1171,591,0.570219966,3.312156717,22.36938481,12.77490791,3.255151256,0.064045389,0.825933365,1,12,8.328257191,1.92587999,-0.189960105,-0.619006078,1,11,7.12462908,1.448280568,-0.11789369,0.286676959,2.458541438,2.977673612,2.813155797,0.066304063,-0.667497413,1.597554805,2.310190901,3.168903596,2.823914342,0.167994695,-0.04937165,-0.535647067,2.310190901,3.168689792,2.80162517,0.171664616,0.018281384,-0.526014683,69.98527365,102.0372646,93.73956946,5.553365583,-1.415694217,1.503816549,45.6110555,179.5771295,95.29743089,33.47594986,0.436504178,-0.89477072,45.6110555,179.410469,92.26216486,33.13537369,0.548088646,-0.794254786,-2089.2342,-3.535083249,-1910.645,178.5892,0.302181387,-3.8854
1172,601,0.532445923,5.154102266,20.23834012,12.62595247,2.641000608,0.137367775,0.689565179,3,12,8.309484193,1.748540315,-0.186901008,-0.53292499,3,10,7.1375,1.293763677,-0.265448229,-0.207446773,2.501903884,2.950113855,2.806326835,0.062355462,-0.744499409,1.677645498,2.330045922,3.122899454,2.814910613,0.159554951,-0.189766827,-0.574316786,2.330045922,3.122899454,2.793946351,0.164798278,-0.119582925,-0.636771041,67.18297866,101.6699645,94.20898498,5.499632835,-1.688324633,2.947234779,45.51703284,179.2286229,95.59737553,33.43448511,0.433627679,-0.887174862,46.67814717,179.1724087,92.58282706,33.29328917,0.553847175,-0.766169668,-2142.2714,-3.564511481,-1950.9344,191.337,0.318364393,-3.7991
1173,1011,0.43620178,10.97427505,24.39837864,15.02984171,1.934926215,1.506306956,4.631618135,3,12,8.935707221,1.761755698,-0.301100578,-0.564881363,3,11,7.446712018,1.272968732,-0.105698493,-0.02887409,2.45087133,2.983358589,2.832045872,0.061721264,-0.837173921,2.170047382,1.928193455,3.151423964,2.840408568,0.16169273,-0.172344506,-0.367100519,1.928193455,3.150195708,2.811021633,0.168417823,-0.104191287,-0.300485165,69.32508464,105.5586466,95.17480046,4.490570595,-2.076054769,4.936206916,39.6595644,179.8483116,96.17240553,33.75183698,0.443036001,-0.827128917,39.6595644,179.5314375,93.16223417,33.70125063,0.568866634,-0.705195842,-3667.3481,-3.627446192,-3302.4273,364.9208,0.360950346,-3.8015
1181,530,0.526415094,5.705542125,16.97739401,12.00329229,2.033243025,-0.176729384,-0.026836448,1,12,8.656603774,1.911808834,-0.335951152,-0.067547422,1,11,7.272401434,1.382440615,-0.635348062,1.951323733,1.968746048,3.183162735,2.824316881,0.076037257,-2.714593276,29.87175783,1.968746048,3.187944322,2.834166287,0.17757081,-0.086167418,-0.500520959,1.968746048,3.184337922,2.811722554,0.179901339,-0.044826604,-0.351632978,72.37343631,100.0358092,93.91544718,5.003244754,-1.513849491,1.820469614,45.09706037,179.7008757,95.30171999,33.49955478,0.423794912,-0.905035255,45.09706037,179.1298507,92.18051716,33.16023303,0.55693329,-0.757865451,-1882.2509,-3.551416792,-1695.2582,186.9927,0.352816415,-3.8908
1182,536,0.518656716,6.089075068,16.47302399,11.90323092,1.840222263,-0.141531722,0.141924666,1,12,8.686567164,1.836973987,-0.223324167,-0.467238633,1,11,7.341726619,1.30056357,-0.207849704,1.581376835,2.609001933,2.970587182,2.82154138,0.061294128,-0.402762194,-0.085580098,2.319453815,3.166747543,2.829635504,0.169728988,-0.026997386,-0.644597704,2.319453815,3.166747543,2.807304005,0.172535016,0.07261524,-0.606815588,75.41279262,103.0094908,94.18649808,4.939143827,-1.454297455,1.725715903,45.76391309,179.7207935,95.44045543,33.51780736,0.424867344,-0.902433217,45.76391309,179.7207935,92.2876629,33.30872334,0.561732832,-0.748855503,-1914.9235,-3.57261847,-1745.3692,169.5543,0.316332649,-3.817
1191,438,0.577625571,4.6072266,16.31544612,11.11077507,2.079492589,-0.366578799,0.185390556,2,12,7.853881279,1.866633677,-0.167373909,-0.297137532,2,10,6.719367589,1.435207936,-0.210355179,0.444762151,2.477973972,2.969792202,2.789686148,0.072613472,-0.91065372,1.642772084,1.988761675,3.12199007,2.801273284,0.170691668,-0.283166044,-0.131553533,1.988761675,3.121172856,2.783572753,0.177397831,-0.263669381,-0.078213676,59.18403553,102.0330274,93.80569976,5.897651953,-1.760912468,3.958515067,39.33951485,179.2329125,95.47114256,33.25586323,0.430248616,-0.910283044,39.33951485,179.2329125,92.60043369,32.9370049,0.540788447,-0.807251091,-1539.1802,-3.514110046,-1362.2301,176.9501,0.403995662,-3.8556
1192,448,0.549107143,6.705836514,16.97853899,11.17645279,1.739448581,-0.056647001,0.281642201,2,12,8.455357143,1.911408784,-0.246064222,-0.431224915,2,10,7.12195122,1.358783164,-0.475945265,0.267760389,2.319801858,2.985108735,2.819647564,0.072996311,-1.712909922,7.623557719,1.943109621,3.181418237,2.830646773,0.174658312,-0.105254071,-0.348460175,1.943109621,3.179497445,2.81383045,0.182077736,-0.087223984,-0.33524254,60.01231751,102.149008,93.9432303,5.475166949,-1.834158638,4.546247354,42.16798196,179.7745762,95.45899484,33.40342737,0.422164329,-0.90422612,42.16798196,178.2626164,92.26199355,32.97911538,0.538637064,-0.797258994,-1586.5564,-3.541420536,-1423.4507,163.1057,0.364075223,-3.8637
1872,590,0.493220339,8.733193626,15.7400424,12.24703209,1.39518472,0.106740678,-0.478119546,1,12,8.06779661,1.638505331,-0.224742151,-0.226543216,1,10,6.969072165,1.303472351,-0.129884822,0.998515631,2.617889226,2.925833571,2.800978317,0.057682457,-0.416694206,-0.168689184,2.238557795,3.086747641,2.808245462,0.154222717,-0.267863399,-0.406485215,2.238557795,3.086231683,2.789910606,0.161264353,-0.223764346,-0.442715892,77.09774981,106.7424546,95.07434933,4.678476184,-1.367682112,1.578915253,43.39729541,179.257669,96.06798894,33.42070635,0.43725821,-0.878273794,45.00119594,178.0935525,93.20386763,33.41972762,0.554780035,-0.757876112,-2116.5514,-3.587375254,-1915.9813,200.5701,0.339949322,-3.7797
1873,1080,0.459259259,9.193161051,25.87404983,15.83324362,3.246293894,0.733846807,0.374341772,4,12,8.464814815,1.855948272,-0.239477999,-0.75928751,4,10,6.9375,1.276882646,-0.086989815,-0.286267457,2.543490861,2.967359312,2.814343079,0.064101723,-0.799680717,0.979007309,2.157432502,3.106181096,2.824090445,0.153070323,-0.268082271,-0.426317966,2.157432502,3.106181096,2.791593928,0.161320051,-0.124067927,-0.556132488,64.00398636,104.6727853,94.97643986,5.141294038,-2.00170888,4.843919495,42.9375266,179.7511811,96.26785596,33.71285864,0.477666107,-0.750819692,42.9375266,179.2646359,93.06478948,33.24151121,0.566759632,-0.717618039,-3898.3575,-3.609590278,-3530.1092,368.2483,0.340970648,-3.8491
1881,545,0.576146789,3.592992875,18.36858501,12.13077907,2.780080381,-0.644659175,-0.244261398,1,12,8.040366972,1.840671995,-0.018657417,-0.347053304,1,11,6.929936306,1.342900631,-0.17342386,0.721899527,2.381907395,2.970265844,2.800957609,0.071710017,-0.674448971,1.778362837,2.220817417,3.139833435,2.811731833,0.170262809,-0.106737826,-0.608091094,2.220817417,3.139833435,2.792652479,0.172185531,-0.062266064,-0.57829912,66.26844762,107.0422826,93.8442317,5.41939554,-1.340069359,1.903598994,43.01802444,179.8231658,95.2144665,33.37293846,0.437141731,-0.89696515,43.01802444,177.2008977,92.29107222,32.92442221,0.548530543,-0.783733262,-1920.8176,-3.524435963,-1747.0458,173.7718,0.318847339,-3.8508
1891,412,0.589805825,6.182998241,17.84065058,11.11687933,2.276433258,0.496238341,0.358542016,1,12,7.67961165,1.921645646,-0.112491122,0.105234407,1,11,6.572016461,1.46232255,-0.480044439,1.138242697,2.190242224,2.965008157,2.785471933,0.077782013,-1.76849648,9.860937547,2.183279414,3.108234708,2.798683984,0.169589923,-0.300352865,-0.253185739,2.183279414,3.107603257,2.778825019,0.174518969,-0.285034403,-0.194676295,64.45495119,102.3609439,93.71243107,5.897967215,-1.654852018,3.267712354,43.60299137,179.3054483,95.35666563,33.38564874,0.450043295,-0.869402217,43.60299137,177.5998426,92.54672686,32.98100632,0.555329932,-0.78786478,-1442.9419,-3.502286165,-1293.1893,149.7526,0.363477184,-3.9063
1893,692,0.48265896,9.350895575,20.28596215,13.19312967,2.09659466,1.24127427,1.578079789,4,12,8.63583815,1.766479658,-0.169968036,-0.819544276,4,11,7.233532934,1.195316726,0.071165402,-0.008415172,2.575425221,2.993376286,2.822446,0.061072808,-0.52545931,0.435922968,2.309097876,3.149322149,2.830988111,0.163665409,-0.113251761,-0.609385222,2.343158765,3.148590478,2.805190771,0.169678942,-0.026698404,-0.640095053,70.62650727,101.8698151,94.83054388,4.568634358,-1.662862114,2.897230265,45.40975345,179.6239065,95.97197431,33.6122517,0.4482745,-0.829014328,45.52235981,178.4070248,92.81629382,33.38168612,0.56482201,-0.721943965,-2487.971,-3.595333815,-2262.7588,225.2122,0.325451156,-3.783
1894,890,0.447191011,10.66588874,20.91984694,14.32031288,1.937058136,0.648515127,0.130727477,3,12,9.08988764,1.873625177,-0.467186977,-0.603050606,3,11,7.444723618,1.363692498,-0.086525593,-0.049957286,2.523605742,2.982970719,2.833664172,0.0602565,-0.811394976,1.317610831,2.185668319,3.14929119,2.842277356,0.158496245,-0.231222917,-0.415466048,2.185668319,3.148819144,2.811875376,0.168436659,-0.142057849,-0.535337228,68.16040051,102.6028755,95.02809836,4.425163318,-2.017840979,4.640401909,42.62607843,179.8604378,96.22027949,33.92088681,0.476256609,-0.739934578,42.62607843,179.7482352,93.06629857,33.58200307,0.576361792,-0.673551608,-3230.5017,-3.629777191,-2922.2092,308.2925,0.346396067,-3.7985
1971,582,0.487972509,8.59810016,17.11945674,12.27992613,1.601703945,0.093578719,-0.557593163,3,12,8.652920962,1.925412102,-0.258945363,-0.666958416,3,11,7.172535211,1.397304036,-0.068066054,0.019711323,2.55269014,2.995000787,2.824413946,0.06818711,-0.594524939,0.431233242,2.206402049,3.195448169,2.833926585,0.183898299,-0.1443903,-0.576312212,2.206402049,3.192736287,2.812779643,0.188146296,-0.114520994,-0.579223414,64.25936355,101.2976631,94.13552416,5.150554257,-1.834172498,3.889976087,44.0021978,179.2567746,95.53198775,33.50140643,0.415735595,-0.907519887,44.0021978,178.7106157,92.12209657,33.1120916,0.546671757,-0.784561752,-2070.0838,-3.556845017,-1857.2329,212.8509,0.365723196,-3.8549
1973,1025,0.420487805,11.8071963,22.14377446,15.09367208,1.789459314,1.403624355,2.236951009,5,12,8.913170732,1.766460586,-0.263756363,-0.848595527,5,11,7.262180974,1.140556321,0.133794171,-0.351393553,2.583291307,3.004568382,2.831687655,0.062479541,-0.595701589,0.447005482,2.18964883,3.168668332,2.83991383,0.169337712,-0.140007198,-0.554464356,2.18964883,3.168668332,2.807534169,0.176217814,-0.010296286,-0.56797356,71.6827182,101.7715692,95.28012414,4.225753953,-1.949712037,4.418103518,44.79383721,179.9340764,96.29291317,33.77730449,0.451531852,-0.801147499,44.9240555,178.907306,92.93866858,33.44749858,0.556862916,-0.752787067,-3712.6058,-3.622054439,-3351.2981,361.3077,0.352495317,-3.7505
1982,574,0.519163763,6.917414959,17.9916463,12.32180103,2.121825789,0.073548203,-0.213768066,3,12,8.599303136,1.995562145,-0.274331324,-0.796447923,3,11,7.110738255,1.446399963,0.040319795,-0.166263479,2.481301822,2.978158861,2.822621052,0.068862912,-0.581850758,0.797429491,2.145295784,3.203975499,2.833455976,0.185274702,-0.011666335,-0.624659461,2.145295784,3.20340163,2.811891859,0.187071051,0.02682961,-0.562317893,63.04155338,102.9051698,93.79650772,5.286662369,-1.612895972,2.824296733,42.19255348,179.8179607,95.36148545,33.3994526,0.41282192,-0.918351223,42.19255348,179.8179607,92.06937576,32.92807118,0.5490822,-0.780345252,-2034.4943,-3.544415157,-1838.3587,196.1356,0.341699652,-3.8618
1983,905,0.435359116,10.98594904,19.04181851,14.33382733,1.486717882,0.47102035,0.055855023,3,12,7.86519337,1.549890658,-0.165158956,-0.345565876,3,10,6.774111675,1.280998278,0.114615282,-0.123820092,2.441697419,2.953436328,2.795177119,0.059907929,-0.683008078,1.425097819,2.28293342,3.06721861,2.802499741,0.150595686,-0.281894305,-0.497948696,2.28293342,3.066311465,2.775709126,0.158872914,-0.192451519,-0.59232289,69.49201084,106.5457344,95.40296059,4.835737166,-1.803349476,4.230161864,45.48533235,179.3957768,96.29457281,33.41203128,0.460090121,-0.820165872,45.48533235,179.3412826,93.2892769,33.26051385,0.563028404,-0.732565824,-3266.6653,-3.609574917,-2950.0839,316.5814,0.349813702,-3.7798
1991,487,0.53798768,7.043546511,17.55316879,11.54463073,1.784902306,0.497058394,0.521141281,1,12,8.061601643,1.859328583,-0.286025947,-0.082447339,1,10,6.839694656,1.421330626,-0.509832683,0.916655283,2.424355663,2.981119479,2.805459907,0.070148197,-0.881730577,2.184320806,2.184821503,3.142511893,2.815920506,0.173138089,-0.213029877,-0.425601126,2.184821503,3.142511893,2.794809271,0.174717515,-0.129777332,-0.311437895,67.09699959,101.8785384,94.01906297,5.703872027,-1.576735129,2.462712739,44.91654716,179.2007404,95.55063773,33.35865355,0.430607673,-0.898787758,45.53686519,179.2007404,92.55506812,33.07544887,0.547697191,-0.782903332,-1717.7595,-3.527226899,-1545.4103,172.3492,0.353899795,-3.9181
1992,492,0.516260163,8.353723348,15.42970273,11.48828001,1.297117452,0.292408135,0.125490206,3,12,8.68699187,1.767433817,-0.201851411,-0.582544473,3,11,7.413385827,1.281665308,-0.117278836,0.453780006,2.571368684,2.986672919,2.830520921,0.064119299,-0.528496466,0.570076161,2.351801225,3.204445974,2.838880462,0.182097933,0.004201047,-0.719459342,2.351801225,3.199877029,2.819924087,0.183519658,0.058473149,-0.741335137,77.14727394,102.5512761,94.19201046,4.614601029,-1.324619477,1.254598301,45.02864149,179.3693854,95.41928479,33.52638971,0.428097899,-0.894087987,45.02864149,179.3693854,92.31580417,33.28343655,0.55461406,-0.76755703,-1753.2167,-3.563448577,-1594.9951,158.2216,0.321588618,-3.7867
1993,808,0.451732673,9.871414537,20.659363,13.86472752,1.835713599,0.921799374,1.317760619,3,12,8.618811881,1.850882793,-0.303837358,-0.500235997,3,11,7.098630137,1.344963453,-0.179990174,0.184255526,2.426538975,2.970381157,2.823653921,0.062446151,-0.975651852,3.203528626,2.119937027,3.151147886,2.832458743,0.165527848,-0.167677851,-0.486591798,2.119937027,3.150722139,2.807972462,0.172627423,-0.160025486,-0.458889416,71.60083171,103.2563219,94.69057255,4.692131194,-1.816814623,3.553017151,43.36098125,179.5939866,95.92316993,33.5992848,0.446911738,-0.83173633,45.36845653,178.9245024,92.45667353,33.03252837,0.566944742,-0.744242946,-2910.6955,-3.602345916,-2628.2676,282.4279,0.34953948,-3.8198
2072,612,0.522875817,4.661429797,18.39108907,12.6739909,2.535123025,-0.260547834,-0.189777534,3,12,8.565359477,1.79487615,-0.200879484,-0.545048096,3,10,7.325,1.332261847,-0.203187398,-0.132679257,2.625505446,3.011089735,2.827983176,0.065944653,-0.431405391,0.222127029,2.334869161,3.207739703,2.836397562,0.185748917,-0.029899083,-0.624014728,2.334869161,3.207692473,2.819801977,0.190324053,0.009426109,-0.615802686,60.72516776,101.4530946,94.05494184,5.012497975,-1.689309952,4.101423238,45.20980639,179.3903525,95.35848703,33.50179981,0.4200393,-0.908503858,45.20980639,179.3903525,92.23892236,33.14802764,0.543895758,-0.787510754,-2169.8972,-3.54558366,-1966.7984,203.0988,0.331860784,-3.8304
2082,519,0.560693642,5.770065768,20.54891226,12.2540683,2.884306155,0.506733338,0.321917109,1,12,8.300578035,1.852218656,-0.219732868,-0.099563057,1,10,7.109965636,1.390213454,-0.389906232,1.487843049,1.881463792,2.985990502,2.814228396,0.083775527,-3.682307568,35.07526189,1.881463792,3.184313741,2.82577436,0.187362994,-0.177967215,-0.305866877,1.881463792,3.184313741,2.808405036,0.191883738,-0.144594024,-0.186689909,74.59281262,103.0861244,93.84751612,5.214871399,-1.222774649,0.710878342,42.97667314,179.9107298,95.25312689,33.41225066,0.428701944,-0.893300637,42.97667314,179.9107298,92.15977986,33.02616495,0.548957586,-0.772352429,-1822.8296,-3.512195761,-1603.814,219.0156,0.421995376,-3.844
2091,439,0.533029613,7.535052652,15.27005616,11.15030551,1.6377438,-0.005280538,-0.809988892,1,12,7.986332574,1.84311504,-0.214286642,0.036700951,1,11,6.790598291,1.406208362,-0.413625091,1.939849741,2.50022299,3.004112329,2.806412191,0.07275866,-0.653591656,0.998170655,2.179916971,3.150362201,2.81708945,0.18153463,-0.231177617,-0.536636531,2.179916971,3.148231408,2.796404613,0.189797553,-0.130463221,-0.589675317,73.99606639,102.684501,94.21084805,5.259424101,-1.27573213,1.124161743,44.42309405,179.081144,95.455346,33.30832396,0.423112764,-0.917981971,44.42309405,177.7062049,92.25037474,32.85576049,0.542669838,-0.803865926,-1542.1505,-3.512871298,-1382.6972,159.4533,0.363219362,-3.9235
2094,867,0.438292964,11.40839701,18.15260626,14.06150664,1.210548718,0.36998798,0.098167904,3,12,9.061130334,2.039381357,-0.368026484,-0.770668192,3,11,7.210526316,1.373666679,-0.070558274,-0.067167527,2.534029648,3.005952057,2.83506493,0.064967931,-0.948037652,1.246558352,2.190879732,3.143415499,2.845583309,0.160519572,-0.265528851,-0.430917278,2.190879732,3.143375574,2.809578048,0.169432674,-0.129400615,-0.503116793,64.27311584,106.4047218,94.94903866,4.691167143,-1.975379185,4.825903315,45.4195216,179.7487515,96.29150675,34.21835923,0.516633824,-0.631061132,45.4195216,179.1281719,92.70349686,33.25573076,0.58797742,-0.655574,-3142.1711,-3.62418812,-2840.6741,301.497,0.347747405,-3.8378
2172,555,0.488288288,9.222053237,14.13758108,11.98001528,0.975488646,-0.390036467,0.021975096,4,12,8.58018018,1.82500778,-0.197359108,-0.783804149,4,11,7.191881919,1.308125801,0.149393803,0.047376747,2.602871545,3.025087019,2.825096902,0.067718383,-0.454271762,0.060304643,2.2595577,3.2195172,2.834463057,0.191110384,-0.005339495,-0.630833367,2.2595577,3.219297439,2.809031976,0.200798283,0.093102826,-0.642122794,73.40062037,103.233931,94.22804604,4.986481813,-1.495831374,1.712841015,42.32670135,179.6189638,95.53374829,33.42357792,0.406824938,-0.92949227,44.81793377,179.6189638,92.21570014,33.02239614,0.534555133,-0.812588383,-1970.4808,-3.550415856,-1776.229,194.2518,0.350003243,-3.8129
2181,435,0.622988506,1.283026044,20.46564415,11.90519842,3.503594897,-0.290919955,-0.160378048,2,12,8.027586207,1.907823431,-0.013533818,-0.555754503,2,11,6.988929889,1.451648858,0.041115161,0.300054958,2.545881131,3.010406364,2.801119412,0.073715964,-0.414162962,0.148135647,2.134181576,3.191962719,2.812526539,0.190040844,-0.07591085,-0.54410785,2.134181576,3.191962719,2.797407606,0.195646028,-0.063364058,-0.547893645,59.99829615,103.3882925,93.52995718,5.986285151,-1.861231597,5.010234086,40.83048827,178.8242172,95.1630577,33.28465104,0.427669739,-0.905985514,40.83048827,178.8242172,92.6664577,33.00131208,0.526677431,-0.801487747,-1510.9756,-3.473507126,-1358.1432,152.8324,0.351338851,-3.8966
2182,517,0.609284333,1.480838093,20.01712798,12.53214009,3.572400341,-0.497115484,0.13476587,2,12,7.636363636,1.830849108,0.03468649,-0.579849371,2,10,6.555555556,1.294005998,-0.069645397,0.323244234,2.432646506,2.961065873,2.7873,0.075241527,-0.916917648,1.858899551,2.038607613,3.119369968,2.798840117,0.175015437,-0.278064343,-0.360252612,2.038607613,3.119369968,2.783411524,0.181387752,-0.242760228,-0.415026288,66.80108771,108.2345926,93.54875705,5.710625937,-1.159369612,1.136841428,43.61025394,179.1115299,95.15328257,33.1363859,0.445162814,-0.892364814,45.04537537,177.3964298,92.09851317,32.48879149,0.562311947,-0.772614719,-1801.3253,-3.484188201,-1611.0683,190.257,0.368001934,-3.8737
2183,866,0.430715935,11.55364473,18.21523607,14.10409245,1.15989121,0.612481209,0.788212429,3,12,8.709006928,1.798094607,-0.345663642,-0.555600699,3,11,7.168900804,1.326284374,-0.07656913,-0.221548946,2.55631267,3.007939409,2.826992967,0.067893613,-0.598584359,0.772768808,2.18715363,3.185958412,2.836052682,0.181119258,-0.112808777,-0.603905377,2.18715363,3.184414703,2.806468974,0.185253096,-0.062062094,-0.56966365,60.12005618,101.7407294,94.9529678,4.775223898,-2.151250381,6.007543753,42.00256534,179.4444946,96.04791702,33.56734147,0.420001894,-0.88051536,42.66580386,179.438887,92.68906508,33.25702754,0.542991285,-0.776962544,-3107.3491,-3.588162933,-2790.2419,317.1072,0.366174596,-3.8373
2191,391,0.554987212,7.330248764,15.04770329,10.69075261,1.703848145,0.188993301,-0.718267198,2,12,8.168797954,1.932753672,-0.254476416,-0.491300185,2,11,6.870967742,1.447198918,-0.150671562,0.575368373,2.54441035,3.012278712,2.810706153,0.073731525,-0.586652585,0.744480524,2.25266642,3.191743881,2.822405791,0.189230325,-0.075111071,-0.690709601,2.25266642,3.191743881,2.797204837,0.189479472,-0.042304196,-0.654939242,66.76076683,114.0567697,93.8509713,5.686828689,-1.398932213,2.562896119,44.3908504,179.6210263,95.43649883,33.35278468,0.409023317,-0.937819867,46.87428647,179.6210263,92.41844215,33.10024038,0.541717923,-0.797779116,-1369.0572,-3.501425064,-1235.558,133.4992,0.341430179,-3.8891
2192,398,0.545226131,6.543980025,14.22108736,10.74876751,1.623404346,0.040150727,-0.703351991,4,12,8.587939698,1.950535747,-0.102975767,-1.003462281,4,10,7.225806452,1.360717886,0.161301208,-0.632606222,2.652061561,3.003646862,2.83308837,0.068144902,-0.257980646,-0.389399549,2.322048449,3.223806136,2.843021676,0.194331989,-0.035045415,-0.70301484,2.322048449,3.22229049,2.819954975,0.198198554,0.007790898,-0.693560339,75.97401648,100.1012113,93.74128968,4.922732481,-1.333170162,1.253918114,43.64177012,179.6848488,95.21291083,33.48565262,0.423104201,-0.900886424,45.33449913,178.5881656,91.9234734,33.05423466,0.553969756,-0.769979719,-1402.5404,-3.523970854,-1269.0933,133.4471,0.335294221,-3.8658
2193,806,0.441687345,9.951664914,17.82460283,13.73962594,1.235596408,0.330400932,0.169413706,3,12,8.230769231,1.667026558,-0.233072703,-0.357940703,3,10,6.943820225,1.276964275,-0.195584091,-0.19894888,2.59686288,2.970857422,2.814197666,0.060846265,-0.466137526,0.325681035,2.204561408,3.132717191,2.821011158,0.172711667,-0.201918862,-0.588168505,2.204561408,3.132717191,2.803203259,0.179538845,-0.183328589,-0.573554611,74.53997407,102.9552058,95.21086329,4.660764545,-1.747254647,3.056107521,43.22929043,179.4622279,96.22237757,33.33009702,0.416021853,-0.901996992,43.22929043,179.0414102,93.00862243,33.2236146,0.551406801,-0.76137096,-2883.792,-3.577905707,-2590.231,293.561,0.364219603,-3.8407
2872,575,0.488695652,9.531043128,15.54703561,12.1617689,1.097774039,0.518206583,0.390243908,2,12,7.954782609,1.774197737,-0.191967281,-0.462545722,2,11,6.715302491,1.385156256,-0.030527974,0.06798437,2.563184367,3.000922201,2.802963103,0.063402954,-0.47607782,0.437308166,2.225137524,3.125854923,2.811057561,0.172441281,-0.231867028,-0.54032175,2.225137524,3.125854923,2.789699913,0.17704668,-0.226852434,-0.531847215,60.99831172,113.1540084,94.66096688,5.43910961,-1.801895344,4.601305418,45.10171817,179.6078686,95.92061554,33.32612355,0.411997358,-0.929377932,45.10171817,179.6078686,92.90330529,33.06122343,0.531342803,-0.825022013,-2037.6129,-3.543674609,-1830.6495,206.9634,0.359936348,-3.8815
2873,987,0.415400203,11.76964393,17.82590609,14.83340928,1.251090845,0.140821457,-0.768320767,3,12,8.563323202,1.696790999,-0.31071597,-0.49288865,3,10,7.119512195,1.267560179,-0.088117965,-0.146350333,2.522819262,3.007137079,2.826823787,0.066854706,-0.475350703,0.430716915,2.26452357,3.18551393,2.834519391,0.184246696,-0.116457621,-0.660073754,2.26452357,3.18551393,2.808987909,0.188941592,-0.077825357,-0.601533818,68.90172806,103.316814,95.13246927,4.564700088,-1.828929479,3.694518409,44.63285015,179.7860684,96.1007409,33.40153286,0.397147241,-0.9336004,44.63285015,178.9646164,92.80413384,33.10699753,0.527896249,-0.819187135,-3532.4384,-3.578964944,-3172.8354,359.603,0.364339412,-3.8342
2882,528,0.5,8.154285184,16.02031456,11.8812067,1.488541265,0.231385985,-0.006180482,4,12,8.337121212,1.796049018,-0.100820438,-0.695659299,4,11,7.053030303,1.324322879,0.148563793,-0.241603954,2.388471664,3.004037557,2.818165636,0.075146455,-0.771789671,2.043135273,2.137546491,3.187325368,2.828013032,0.191142729,-0.14573417,-0.662391704,2.137546491,3.184124526,2.804825107,0.197549242,-0.081063146,-0.698498931,77.14651323,101.1454698,94.38680079,4.880921144,-1.498940873,1.653795154,44.03618569,179.5797722,95.60036589,33.36132937,0.412342725,-0.909442352,44.03618569,179.5797722,92.39705091,33.15817303,0.539884367,-0.780684266,-1863.6766,-3.52969053,-1669.5053,194.1713,0.367748674,-3.8266
2892,480,0.647916667,2.202581244,20.91315433,12.58722805,3.917368709,-0.392120259,-0.530732512,1,12,8.220833333,2.038559229,0.039979103,-0.588010966,1,11,7.096463023,1.43133832,-0.136704955,0.637989702,1.92209261,3.012631045,2.811696599,0.087961917,-2.511807051,21.15309187,1.92209261,3.252503497,2.826212883,0.208665857,-0.038280574,-0.518066352,1.92209261,3.250120152,2.807146195,0.210344642,0.001272301,-0.474028428,61.85198497,100.168331,92.60484968,5.952870196,-1.376780629,1.965948249,41.99464045,178.9317073,94.52660347,33.36043114,0.430018799,-0.902358601,44.2610133,178.9215833,91.60648534,32.90759972,0.539074757,-0.803021924,-1654.687,-3.447264583,-1459.7666,194.9204,0.406084167,-3.8505
2973,1014,0.414201183,11.84313084,20.42301191,15.01150677,1.428346557,0.758465155,1.304552118,4,12,7.881656805,1.68958216,-0.091664431,-0.674451194,4,11,6.542857143,1.274149603,0.396230434,0.122423186,2.537073839,2.978437722,2.799086339,0.066141353,-0.490863959,0.164238132,2.215550722,3.11740068,2.807307635,0.171801531,-0.241554554,-0.524541073,2.215550722,3.116613065,2.780473778,0.176942116,-0.184595798,-0.597150256,68.3497609,105.4255542,95.21401128,4.924364876,-1.66540815,3.092531681,43.82727112,179.5944158,96.20850305,33.20314801,0.410094107,-0.91613578,44.01221772,179.0768417,92.71137512,32.87241636,0.54634403,-0.785933809,-3618.1222,-3.56816785,-3233.6835,384.4387,0.379130868,-3.8537
2982,468,0.52991453,8.3223776,18.37543763,11.39609652,1.583088027,1.449419022,3.507957747,1,12,8.662393162,2.034319104,-0.311794817,-0.470963749,1,11,7.189516129,1.492345845,-0.216585509,0.883599017,1.930604828,3.024717802,2.830641685,0.091199907,-2.375384262,19.49157672,1.930604828,3.270728512,2.845343573,0.212866187,-0.02806297,-0.501433265,1.930604828,3.269866358,2.811117303,0.216423661,0.066591734,-0.35901293,70.98187507,101.1147616,93.88255797,5.108264229,-1.590231344,2.539698191,38.69632453,179.8213897,95.37392398,33.58858198,0.399569464,-0.926415056,38.69632453,178.4050934,92.29639972,33.1531893,0.517072942,-0.822251935,-1641.981,-3.50850641,-1436.6446,205.3364,0.438752991,-3.8088
2984,1084,0.41697417,12.27420749,24.67267539,15.52731039,1.901650841,2.150982109,6.613012263,2,12,8.330258303,1.766563228,-0.349815621,-0.514141592,2,11,6.82300885,1.364615154,0.106953322,0.046765909,2.431548738,2.989465711,2.817038698,0.069473674,-0.716343278,1.265305081,2.135484488,3.159098131,2.826355866,0.180464634,-0.231033001,-0.531086951,2.135484488,3.159098131,2.797382544,0.187253049,-0.143501693,-0.522304791,66.92760982,102.0836819,95.02713539,4.915284463,-1.826656703,3.545509247,41.91519683,179.8627199,96.17566364,33.31666579,0.400215146,-0.929083901,41.91519683,179.8627199,92.70242204,32.88634407,0.529463614,-0.81022909,-3873.5999,-3.573431642,-3454.9661,418.6338,0.386193542,-3.8479
2991,256,0.63671875,4.987324719,16.59284787,9.682035103,2.691490239,0.361213905,-0.539846718,4,12,7.734375,1.874428017,0.198526701,-0.738528798,4,11,6.680981595,1.289585642,0.297762607,0.151664223,2.614192761,2.960256043,2.804086962,0.072961436,-0.187566615,-0.461731072,2.167889757,3.167342261,2.815288987,0.198268618,-0.248794946,-0.584850667,2.167889757,3.167342261,2.796426467,0.202838419,-0.164789115,-0.57260235,73.02794653,101.8748726,93.09472265,6.058772911,-1.283181554,1.009375025,42.52009453,179.0911605,94.84836205,33.26173748,0.434112227,-0.91446085,42.52009453,179.0911605,91.96186974,32.90296093,0.554358935,-0.789141491,-881.95087,-3.445120586,-781.6128,100.33807,0.391945586,-3.8852
2992,266,0.612781955,5.166434739,15.10111238,9.604127017,2.309124495,0.300731257,-0.499092138,1,12,8.248120301,2.059148075,-0.184659784,-0.174425948,1,11,7.006134969,1.476134979,-0.484145198,2.383104827,1.968525082,3.122301875,2.818433236,0.093153939,-3.142448554,25.50773834,1.968525082,3.259781895,2.831189847,0.211668162,-0.05935295,-0.401408262,1.968525082,3.259781895,2.818162985,0.216066054,-0.082865305,-0.310526987,78.91518911,99.39962032,92.93983178,5.077141494,-0.911610938,-0.190715916,41.15679338,178.8647115,94.58879707,33.38019621,0.430550973,-0.890062383,43.79973712,178.8647115,91.30429447,32.85742924,0.563468986,-0.725555351,-916.70596,-3.446263008,-799.003,117.70296,0.442492331,-3.9438
2993,825,0.454545455,10.9769073,22.37154496,14.03948014,1.848011073,1.826148495,5.125561397,1,12,8.014545455,1.882412679,-0.261317531,-0.305945295,3,11,6.576,1.377419116,0.182539663,-0.067332834,1.895428184,2.958367807,2.800592329,0.084250088,-3.482976854,31.48170929,1.895428184,3.137685931,2.812488627,0.180756458,-0.281741739,-0.37526035,2.161418747,3.135716027,2.783571658,0.183622399,-0.179422856,-0.490527087,61.86964699,106.6420491,94.61375716,5.61802424,-1.830212548,4.12488485,42.50210876,179.1219883,95.98321365,33.31707651,0.413023228,-0.916372941,42.50210876,178.9392302,92.47767891,32.72896922,0.544875066,-0.780534432,-2920.1454,-3.539570182,-2567.0805,353.0649,0.427957455,-3.8912
2994,1056,0.40719697,12.463189,19.85871739,15.23855269,1.321716558,0.652912022,0.548974353,2,12,8.602272727,1.809127607,-0.424024836,-0.353176852,2,11,7.055813953,1.448945011,-0.046707737,-0.036420157,2.220336011,3.005733646,2.831270172,0.07345315,-1.238334184,6.029077777,2.044074852,3.209703413,2.840867036,0.193813942,-0.135735022,-0.581919036,2.044074852,3.209621317,2.815534089,0.202239474,-0.076238006,-0.596929548,68.63116486,102.412439,94.97829526,4.627680146,-1.848995369,3.889010225,43.35705689,179.624948,96.05022102,33.41728275,0.393511162,-0.932268003,44.09236473,179.5188578,92.5839845,33.03455352,0.515237856,-0.828325396,-3769.7523,-3.569841193,-3352.3666,417.3857,0.39525161,-3.8413
3071,619,0.516962843,6.343186355,20.54951109,13.0238687,2.965516665,0.286305095,-0.00842885,3,12,7.906300485,1.851512732,-0.089290914,-0.615587383,3,11,6.615625,1.355034586,0.099166913,0.212045024,2.489138257,2.977448535,2.80467981,0.073353686,-0.669113336,0.564764707,2.144478725,3.176239443,2.814871917,0.194519035,-0.236499853,-0.515646685,2.20834961,3.176239443,2.796260764,0.20241392,-0.204432855,-0.609419439,65.79326471,103.4942948,94.22120655,5.660989572,-1.648737487,2.762435089,40.47648855,179.4093663,95.71727945,33.26623815,0.41314049,-0.916811423,40.47648855,179.4093663,92.41852508,32.75292989,0.535573175,-0.798284086,-2160.9265,-3.490995961,-1907.8812,253.0453,0.408796931,-3.9154
3072,627,0.497607656,7.789144191,19.76627957,12.92330445,2.422847985,0.444345273,0.221143556,1,12,8.58692185,1.925120949,-0.363849431,-0.169008846,1,11,7.157051282,1.44269363,-0.417421168,1.583540567,2.103219437,3.003191798,2.833287915,0.08056669,-2.581572977,18.73555465,2.103219437,3.247676708,2.844214478,0.206842209,-0.11733823,-0.602913099,2.103219437,3.245150228,2.818440505,0.210832078,-0.074847276,-0.612970105,66.97840307,111.240305,94.1175832,5.189076305,-1.533895202,2.527989054,43.17429576,179.0089541,95.43788445,33.40813245,0.397306224,-0.941889206,43.17429576,178.5276217,92.20381908,33.07196075,0.519074616,-0.834901424,-2201.6123,-3.511343381,-1955.3881,246.2242,0.392702073,-3.9364
3081,465,0.580645161,4.53626802,18.37561248,11.83864448,3.022580114,-0.113190742,-0.334760564,1,12,7.969892473,1.966080083,-0.107873373,-0.646399174,1,10,6.662962963,1.344587981,-0.225110241,0.529696421,2.49450625,3.001733333,2.810465456,0.07649153,-0.530777554,0.558629887,2.159047475,3.205446303,2.821723893,0.201317635,-0.161250507,-0.44925574,2.159047475,3.205446303,2.80058033,0.206522178,-0.149638203,-0.414384712,73.1365733,104.0027172,93.15993385,5.98178172,-1.123191391,0.514951321,41.05777543,178.8087265,94.95642697,33.20747949,0.423248299,-0.920634178,44.87462046,177.71134,91.34827487,32.58683062,0.562787507,-0.789202664,-1608.2405,-3.45858172,-1422.1496,186.0909,0.400195484,-3.9647
3082,470,0.561702128,6.195987517,17.12739932,11.61621769,2.416833944,0.07506645,-0.570456749,2,12,8.514893617,2.019835405,-0.248597636,-0.847625531,2,11,7.15530303,1.493499954,0.000793241,-0.20799714,2.406010355,2.992363825,2.83489897,0.08002898,-0.856538085,1.589710428,2.219214501,3.305300289,2.847457912,0.223009804,0.007546993,-0.632230921,2.219214501,3.302459841,2.829303825,0.228613072,0.022039041,-0.625079054,69.07657455,102.1915091,93.44733037,5.404000972,-1.470970662,2.103911797,41.35400017,179.2957875,95.09669304,33.37042251,0.397749162,-0.931405714,42.91814802,178.8208178,92.01512004,32.98383008,0.518685172,-0.816415089,-1631.7063,-3.471715532,-1447.158,184.5483,0.392655957,-3.8979
3091,403,0.521091811,7.420542704,13.23301016,10.68461587,1.043382618,-0.090523766,-0.407761488,4,12,8.049627792,1.974342541,-0.076813277,-0.773219485,4,10,6.652380952,1.393120159,0.061782386,-0.469912672,2.61097993,2.981090623,2.811006566,0.070870887,-0.25355429,-0.167918381,2.080520608,3.179709735,2.822244252,0.198800118,-0.167803091,-0.660575865,2.080520608,3.179709735,2.795152657,0.203035868,-0.050963848,-0.698711413,70.84169694,101.5899553,93.7172438,5.601137949,-1.388181057,1.560488335,43.06379167,179.0863181,95.41791973,33.29869736,0.408475668,-0.926299365,44.07972912,178.3233662,91.83382349,32.6762649,0.553240421,-0.766704401,-1405.9249,-3.488647395,-1245.2898,160.6351,0.398598263,-3.9483
3093,768,0.447916667,10.96472499,16.1417569,13.49800065,0.941402501,-0.00624836,-0.386140309,4,12,8.763020833,1.895878255,-0.357211355,-0.653256057,4,11,7.174418605,1.417852525,0.071060175,-0.154121038,2.587459906,3.017423728,2.83941505,0.07086286,-0.481662207,0.470938043,2.113235907,3.241775748,2.848819475,0.204064031,-0.095569405,-0.641676323,2.113235907,3.241535901,2.825485038,0.210518658,-0.040719419,-0.64999917,67.30019528,102.1518322,94.51649377,4.752718461,-1.749608997,3.262105167,41.33318008,179.5068038,95.74884604,33.41832553,0.39240382,-0.930328263,41.33318008,179.5068038,92.35857488,33.03874366,0.522483394,-0.814312576,-2722.9782,-3.545544531,-2423.6382,299.34,0.389765625,-3.8773
3173,1077,0.404828227,11.92784512,20.08070903,15.36863118,1.203247076,0.563970789,1.257043513,3,12,8.152274838,1.736077632,-0.28276995,-0.347597998,3,11,6.701834862,1.353784421,-0.060587571,-0.156352012,2.585673863,2.986507436,2.816126615,0.066484606,-0.471249663,0.207467759,2.189485328,3.163533942,2.824494538,0.186061455,-0.202199807,-0.693625495,2.189485328,3.163533942,2.800777346,0.19621456,-0.118287275,-0.798481821,64.48320084,103.3733928,95.16735122,5.191582577,-2.004513307,4.78914814,44.61954458,179.7455599,96.30074332,33.27465601,0.394428996,-0.935066786,45.58536974,178.6313637,92.75063176,32.98451615,0.521537385,-0.841087388,-3830.6363,-3.556765367,-3422.8034,407.8329,0.37867493,-3.8923
3182,523,0.493307839,8.370077838,17.23536963,11.89222473,1.494150928,0.576937197,0.628104479,3,12,8.225621415,1.944328954,-0.325500172,-0.746690307,3,10,6.763565891,1.461007487,-0.013104697,-0.32834338,2.483643776,3.025148073,2.819559733,0.075199901,-0.60306036,0.672870408,2.144693918,3.217751544,2.829827317,0.207744561,-0.133231309,-0.625037115,2.144693918,3.217751544,2.811362325,0.213539848,-0.143985072,-0.60948071,65.58837862,102.75434,94.10896208,5.588685479,-1.645851113,2.898261954,41.18909005,179.3942218,95.62460126,33.26970335,0.391810899,-0.948508243,41.18909005,178.7613266,92.13077595,32.81716949,0.51405099,-0.844829369,-1824.3168,-3.488177438,-1607.9422,216.3746,0.413718164,-3.9549
3184,1168,0.390410959,12.67329656,18.18539489,15.75788249,0.824950632,-0.138922767,0.153496674,3,12,8.494863014,1.78058875,-0.37241717,-0.454927339,3,11,6.907894737,1.376515412,0.054475231,-0.051573603,2.431263312,3.001164485,2.828192863,0.070919435,-0.653281405,1.379505715,2.113811723,3.206749289,2.837064647,0.198781338,-0.172061027,-0.626471312,2.113811723,3.206696275,2.809629488,0.207401859,-0.130462983,-0.61746699,72.03906119,111.3810381,95.19343745,4.744788716,-1.835355895,3.546126592,41.05399273,179.0302351,96.24502239,33.34586636,0.382862036,-0.940885733,44.12554482,178.9382722,92.79347725,33.04365835,0.506145235,-0.854876125,-4154.664,-3.557075342,-3674.3989,480.2651,0.411185873,-3.8799
3191,454,0.544052863,7.520854029,19.04557074,11.44316971,2.048319204,0.843003541,1.077299117,1,12,8.070484581,1.969830112,-0.183262828,-0.456987376,2,11,6.744939271,1.37475966,0.023289226,0.224184848,1.914715645,3.001027727,2.806964001,0.087743431,-2.812659514,23.85783062,1.914715645,3.215799434,2.819878645,0.207061225,-0.142058613,-0.509302946,1.914715645,3.213079675,2.794475826,0.21022646,-0.070867999,-0.454043885,70.78334634,140.449646,93.68962771,6.33226432,-0.323653259,7.264352392,42.43364744,179.6533639,95.24267511,33.31925729,0.419165126,-0.902293862,42.58244253,179.3282864,91.7229473,32.81939257,0.560745634,-0.735971874,-1575.8512,-3.471037885,-1366.6979,209.1533,0.460690088,-3.883
3192,467,0.524625268,7.944744708,16.43960178,11.4219136,1.485874593,0.554447718,0.042216757,3,12,8.175588865,1.896236228,-0.200123692,-0.704336678,3,11,6.86122449,1.441881786,0.095691472,-0.246558043,2.408463541,2.975103546,2.820194901,0.073868455,-0.593361217,1.27773497,2.148452001,3.205996101,2.830355495,0.201732812,-0.180205521,-0.601079938,2.148452001,3.204185076,2.8085022,0.209014372,-0.124595322,-0.670563602,65.36414493,104.772119,94.27457269,5.314357574,-1.616755192,2.959016841,44.00467741,178.7415751,95.67241346,33.40673625,0.403575401,-0.925327061,44.00467741,177.8207406,92.56613369,33.0703132,0.519979495,-0.816088523,-1631.4367,-3.493440471,-1445.7437,185.693,0.39762955,-3.9042
3871,598,0.510033445,7.987922501,22.52369492,12.87152626,2.633516957,1.29796184,2.43859715,1,12,7.862876254,1.918243479,-0.159314539,-0.588533127,2,10,6.518032787,1.3598457,0.14670348,0.05844919,2.439912294,3.004371016,2.803220718,0.079209816,-0.755707138,1.46310079,1.962603628,3.19333556,2.815378771,0.205974313,-0.232115026,-0.396687495,1.962603628,3.19333556,2.79417689,0.211042009,-0.218801251,-0.282018788,71.50387289,129.334805,94.51113592,5.751817277,-1.01098221,3.753530151,39.58525432,179.5444394,95.80868735,33.2111004,0.395472432,-0.939569244,41.4908864,179.5444394,92.46330104,32.74895766,0.514104919,-0.843153884,-2071.9165,-3.464743311,-1783.3984,288.5181,0.482471739,-3.9415
3873,1071,0.406162465,12.27671523,19.46650956,15.32106848,1.239437649,0.25465089,0.1146068,3,12,8.003734827,1.722849482,-0.293203487,-0.407602567,3,11,6.668965517,1.445102196,0.145127288,-0.271565502,2.540853646,2.959846415,2.807647577,0.069327138,-0.549483505,0.426805103,2.127506052,3.164909319,2.816374294,0.190363765,-0.229637336,-0.535560004,2.127506052,3.164667123,2.791554515,0.198114275,-0.200612065,-0.549603815,69.08884487,105.4812034,95.32899084,4.787264704,-1.755098082,3.623152691,43.59616216,179.2687067,96.26320046,33.08455783,0.381346598,-0.956953104,43.59616216,177.7567178,92.93040423,32.84907009,0.50588251,-0.853482332,-3791.5857,-3.540229412,-3349.4582,442.1275,0.41281746,-3.8835
3881,489,0.498977505,9.09174154,16.14755055,11.57723554,1.369463383,0.495912332,-0.009782592,1,12,8.302658487,1.942411962,-0.262356612,-0.266724527,1,11,6.922131148,1.520126283,-0.093574796,0.725124033,2.575538562,3.006705911,2.823225049,0.074911945,-0.448392513,0.06478625,2.280248451,3.231962871,2.833108116,0.208906946,-0.064239567,-0.76157728,2.292974051,3.226688395,2.815877827,0.214776714,-0.036108717,-0.848584595,62.13391197,102.6253496,93.77335192,5.609026344,-1.537608188,2.646223538,43.95027665,178.7520687,95.33232799,33.37144594,0.408324804,-0.914933323,44.42784116,178.7520687,91.73977983,32.79762284,0.536159353,-0.791491589,-1705.6061,-3.487947035,-1519.0999,186.5062,0.381403272,-3.9745
3882,490,0.508163265,8.037099842,14.18932062,11.49410197,1.147978177,0.064620307,-0.249065073,3,12,7.771428571,1.730515249,-0.138249103,-0.7210761,3,10,6.558232932,1.291107337,0.096407866,-0.396147367,2.487320158,2.961627836,2.796439284,0.07198127,-0.750008506,1.229211636,2.16844299,3.166842118,2.805382911,0.195181312,-0.173251938,-0.598939706,2.16844299,3.166842118,2.785600886,0.198964607,-0.165346096,-0.525032531,70.37381401,101.9357042,94.56627916,5.14601013,-1.478407698,2.048341714,43.25035755,179.791546,95.79927985,33.21238193,0.411134185,-0.920789608,43.25035755,179.5561383,92.70538617,32.81590838,0.532091164,-0.798885857,-1710.148,-3.490097959,-1510.9808,199.1672,0.406463673,-3.8693
3884,1214,0.390444811,13.027162,21.35209477,16.03134171,1.219261428,0.960414227,1.806145683,3,12,8.220757825,1.814759699,-0.302584697,-0.436150422,3,11,6.607594937,1.370955638,0.03548208,-0.038956528,2.553027577,3.010326784,2.812893297,0.071222188,-0.514300613,0.16498905,2.144279366,3.177558339,2.822281828,0.194118823,-0.206787264,-0.579908958,2.144279366,3.17722725,2.791244857,0.202350232,-0.179120459,-0.570576048,58.61658235,111.8666368,95.20424455,5.106112484,-2.118487796,6.321592252,40.96938898,179.5071157,96.28528461,33.28261374,0.384506264,-0.944961164,40.96938898,178.8639502,92.794863,32.86322539,0.517610479,-0.839189179,-4306.3299,-3.54722397,-3798.2472,508.0827,0.418519522,-3.902
3891,417,0.549160671,5.702106839,18.13969877,11.3325485,2.543235932,0.429342975,-0.209950432,4,12,8.374100719,2.081073299,-0.132399847,-0.829261515,4,11,6.899563319,1.427625246,-0.049478186,-0.42332086,2.53922579,3.031271687,2.830734155,0.081974126,-0.345735264,0.139313023,2.095794122,3.29475386,2.843347406,0.23177413,-0.093005333,-0.539416996,2.095794122,3.29475386,2.822853915,0.235884564,-0.066179884,-0.477169045,70.41905409,101.2112413,93.05673225,6.065124273,-1.37792841,1.257973125,39.35957104,178.432356,94.9688455,33.39282791,0.397666673,-0.934259464,39.35957104,178.432356,91.32943849,32.7987558,0.530903859,-0.814377457,-1434.7814,-3.440722782,-1232.7577,202.0237,0.484469305,-3.9399
3892,422,0.561611374,6.527917787,17.11514194,11.17968591,2.205729934,0.484207763,-0.320415238,3,12,8.265402844,1.975067203,-0.121454263,-0.688437056,3,12,7,1.484381969,0.070107248,0.01158284,2.565349624,3.022515697,2.820620544,0.077916017,-0.374591684,-0.111134409,2.211847192,3.242551156,2.83268326,0.210090917,-0.091557258,-0.663237613,2.211847192,3.240518631,2.819874769,0.21850181,-0.069825067,-0.748005224,72.17044122,103.0442647,93.66415121,5.631239342,-1.557145548,2.177612734,41.99267502,178.6969641,95.30271251,33.41337257,0.403397774,-0.926907068,41.99267502,178.6969641,92.37433527,33.1410239,0.51754568,-0.815398904,-1464.0629,-3.469343365,-1301.7357,162.3272,0.384661611,-3.9182
3893,833,0.427370948,11.86191451,17.19359534,13.9713863,0.888288481,0.085968981,-0.225794373,3,12,8.581032413,1.771427985,-0.334969889,-0.525627884,3,10,7.050561798,1.307712644,-0.017826668,-0.170276504,2.502843949,3.018224041,2.834885317,0.073793057,-0.571094978,0.956197636,2.223022717,3.258635757,2.843958463,0.211567461,-0.004241992,-0.673167724,2.223022717,3.258153158,2.81784112,0.219120561,0.003689045,-0.658127354,63.88176097,104.0276681,94.84641386,4.763654755,-1.808873055,3.811177243,42.82241706,179.3882199,95.95007995,33.37532164,0.384745592,-0.948298644,43.56000547,179.1432487,92.49676558,32.99819186,0.51805751,-0.833863678,-2943.5626,-3.533688595,-2620.2826,323.28,0.388091236,-3.8464
3894,1021,0.406464251,11.70301011,17.53512144,15.03526337,0.974918078,-0.083995571,-0.223387152,4,12,8.168462292,1.793513499,-0.268812346,-0.469969241,4,11,6.679518072,1.433195059,0.169434875,-0.352674938,2.520647557,2.979168088,2.812544648,0.074554211,-0.60301569,0.471353295,2.069702636,3.188313975,2.822730171,0.201646579,-0.199638607,-0.623787432,2.069702636,3.188181457,2.793947402,0.206447662,-0.14382149,-0.609848938,67.67711523,104.8590962,95.18326717,5.026496822,-1.998752455,4.436520791,40.57740384,179.8801938,96.26897711,33.27090646,0.383315602,-0.947275433,40.57740384,178.5189028,92.81485383,33.00250909,0.51197308,-0.845815813,-3604.7676,-3.530624486,-3160.3244,444.4432,0.435301861,-3.8833
3983,879,0.42662116,11.58655454,23.46447972,14.3516131,1.353438655,2.532002343,13.65432197,2,12,7.722411832,1.762772616,-0.2182827,-0.397707252,2,10,6.338666667,1.408520038,0.109774066,-0.208524941,2.289704112,2.989529053,2.7978576,0.073534212,-0.850021475,2.813420379,1.891186136,3.154774952,2.80765772,0.195000466,-0.313638278,-0.352617535,1.891186136,3.154720114,2.786231827,0.206796442,-0.325379016,-0.29938767,63.8449894,104.7060218,95.14007107,5.4971283,-1.997533325,4.992965492,42.14233745,179.6278975,96.31564041,33.1142973,0.396978412,-0.931880019,42.14233745,179.6278975,92.86476269,32.61440023,0.529594255,-0.806060265,-3084.1457,-3.50869818,-2656.7982,427.3475,0.48617463,-3.8997
3984,1140,0.398245614,13.14798108,18.63583025,15.65260064,0.954413892,0.092545633,-0.305539749,3,12,8.277192982,1.762552378,-0.311642394,-0.354570157,3,11,6.814977974,1.408315066,-0.025651012,-0.11314076,2.441697867,3.003421205,2.818952152,0.072418314,-0.527813195,0.967637184,2.126688035,3.19986156,2.827889654,0.201503028,-0.201708639,-0.579203307,2.126688035,3.19986156,2.803001336,0.210769782,-0.165244989,-0.597955137,69.68089906,104.3833212,95.32039227,4.7417082,-1.905554308,3.976634419,42.05554337,179.2655621,96.29206869,33.29385735,0.375147904,-0.959802128,42.05554337,179.2655621,93.0142415,33.01613564,0.49117211,-0.8741474,-4030.1816,-3.535247018,-3539.215,490.9666,0.430672456,-3.8866
3991,398,0.572864322,6.811939049,17.11757964,10.98505498,2.115481436,0.521685129,-0.152167632,3,12,8.180904523,1.995571214,-0.214019892,-0.816736302,3,11,6.921052632,1.563035209,0.20054936,-0.089540413,2.535036679,2.98653933,2.824428929,0.076536794,-0.693002587,0.824647071,2.076694007,3.263993873,2.835851055,0.216707717,-0.122618904,-0.487887829,2.076694007,3.263993873,2.818855052,0.224266368,-0.107640056,-0.489831952,65.62523292,104.6413049,93.51287021,5.924582299,-1.433923559,1.760173852,40.80462473,179.0565445,95.25642124,33.46195786,0.402433665,-0.924277801,40.80462473,178.9245784,92.41464316,33.11741687,0.504399121,-0.844403647,-1374.0525,-3.452393216,-1200.9688,173.0837,0.434883668,-3.946
3992,415,0.539759036,7.171210368,15.54281798,10.99042491,1.658343687,0.413605237,-0.077939624,3,12,8.351807229,2.007616021,-0.181469055,-0.821976514,3,11,6.982142857,1.529864983,0.278602823,0.016869452,2.480690394,3.053435707,2.836257825,0.082425763,-0.604832344,0.8800189,2.106400247,3.297587906,2.848554915,0.230681486,-0.096032052,-0.580978547,2.106400247,3.297587906,2.82485227,0.235560982,-0.082230301,-0.496322166,71.91536123,102.3249477,93.41150749,5.722566803,-1.441548372,1.584566531,39.10367707,179.7156991,95.17732972,33.38443591,0.396713081,-0.930039209,39.10367707,179.4717056,91.853845,32.81705268,0.52086445,-0.809604534,-1432.1186,-3.450888193,-1241.5187,190.5999,0.459276867,-3.9268
3993,723,0.445366528,10.87538943,15.86507355,13.27787717,0.966524494,-0.132570582,-0.566242003,3,12,8.315352697,1.878622847,-0.267857363,-0.677968393,3,11,6.829192547,1.444298696,0.200625507,-0.12316764,2.545206583,3.045901539,2.820673557,0.076688485,-0.587826859,0.475671763,2.081779527,3.241476361,2.831065136,0.213513167,-0.096204127,-0.598416406,2.082438474,3.241476361,2.803450828,0.219488468,-0.017057586,-0.607370088,74.13574635,110.7871822,94.70419953,5.170718177,-1.596134829,2.304581801,42.30299207,179.1000769,95.91046087,33.34482115,0.385447444,-0.939765557,43.39391965,179.1000769,92.52493157,32.93439927,0.516128491,-0.829154809,-2533.3208,-3.503901521,-2215.37,317.9508,0.439765975,-3.8932
